PSPID,PlotMeas,SpeciesCode,Location,Exclude,Status,Age,Stocking,MDH,BA,TSV
PSP-001,PSP-001 6,EP,Ngaroraf,FALSE,Closed,0.5,1160,3.19,0,0
PSP-001,PSP-001 12,EP,Ngaroraf,FALSE,Closed,1,1160,4.84,1.124407427,1.9591675
PSP-001,PSP-001 18,EP,Ngaroraf,FALSE,Closed,1.5,1160,7.35,2.77374357,7.339325486
PSP-001,PSP-001 24,EP,Ngaroraf,FALSE,Closed,2,520,10.56,2.806353302,10.66863271
PSP-001,PSP-001 36,EP,Ngaroraf,FALSE,Closed,3.39,520,18.25,7.640636077,50.19897903
PSP-001,PSP-001 48,EP,Ngaroraf,FALSE,Closed,3.99,520,18.25,7.557383872,49.65201204
PSP-002,PSP-002 6,EP,Ngaroraf,FALSE,Open,0.5,1160,4.185,0,0
PSP-002,PSP-002 12,EP,Ngaroraf,FALSE,Open,1,1160,8.35,3.340801044,10.04244794
PSP-002,PSP-002 18,EP,Ngaroraf,FALSE,Open,1.51,1160,10.15,6.91850959,25.28023404
PSP-002,PSP-002 24,EP,Ngaroraf,FALSE,Open,2,1040,15.05,8.987154104,48.69240094
PSP-002,PSP-002 36,EP,Ngaroraf,FALSE,Open,3.18,1040,20.85,14.14957623,106.2067192
PSP-002,PSP-002 48,EP,Ngaroraf,FALSE,Open,3.99,1000,22.85,16.76011406,137.8686983
PSP-003,PSP-003 12,EP,Clear Wara,FALSE,Closed,1.02,920,3.54,0.20769069,0.264681016
PSP-004,PSP-004 12,EP,Clear Wara,TRUE,Closed,1,880,4.99,0.858283113,1.541819784
PSP-005,PSP-005 6,EP,Ganef ,TRUE,Closed,0.46,1288.888889,2.5,0,0
PSP-005,PSP-005 12,EP,Ganef ,TRUE,Closed,0.99,1288.888889,6.125,2.357800193,5.198949426
PSP-005,PSP-005 18,EP,Ganef ,TRUE,Closed,1.5,1244.444444,8.025,4.263629923,12.31762685
PSP-005,PSP-005 24,EP,Ganef ,TRUE,Closed,1.98,1244.444444,10.8,7.83991428,30.48158672
PSP-005,PSP-005 36,EP,Ganef ,TRUE,Closed,3.15,1022.222222,16.1,11.15073406,64.6296546
PSP-005,PSP-005 48,EP,Ganef ,TRUE,Closed,3.95,533.3333333,16.95,6.734318012,41.09280851
PSP-006,PSP-006 6,EP,Ganef ,FALSE,Closed,0.99,1333.333333,2.15,0,0
PSP-006,PSP-006 12,EP,Ganef ,FALSE,Closed,0.99,1288.888889,5.65,1.662356299,3.381232713
PSP-006,PSP-006 18,EP,Ganef ,FALSE,Closed,1.5,1022.222222,5.8,2.78673231,5.818697063
PSP-006,PSP-006 24,EP,Ganef ,FALSE,Closed,1.95,1022.222222,10.35,5.416594427,20.18223083
PSP-006,PSP-006 36,EP,Ganef ,FALSE,Closed,3.14,1200,18.3,14.57520968,96.02148135
PSP-006,PSP-006 48,EP,Ganef ,FALSE,Closed,3.95,977.7777778,21.7,13.31103279,103.9857882
PSP-007,PSP-007 6,EP,Momen,FALSE,Closed,0.5,1160,2.21,0,0
PSP-007,PSP-007 12,EP,Momen,FALSE,Closed,1.01,1160,5.625,2.01577151,4.081937308
PSP-007,PSP-007 18,EP,Momen,FALSE,Closed,1.5,1160,7.5,4.362981045,11.78004882
PSP-007,PSP-007 24,EP,Momen,FALSE,Closed,1.98,1160,10,6.372437954,22.94077664
PSP-007,PSP-007 36,EP,Momen,FALSE,Closed,3.07,960,17.35,12.65578034,79.04800401
PSP-007,PSP-007 48,EP,Momen,FALSE,Closed,4.01,840,26.9,10.85706147,105.1397833
PSP-008,PSP-008 6,EP,Momen,TRUE,Closed,0.5,1160,2.9,0,0
PSP-008,PSP-008 12,EP,Momen,TRUE,Closed,1.01,1120,7.29,2.937137804,7.708224452
PSP-008,PSP-008 18,EP,Momen,TRUE,Closed,1.5,1120,9.2,5.143226997,17.03436781
PSP-008,PSP-008 24,EP,Momen,TRUE,Closed,1.98,1120,10,7.275771506,26.19277742
PSP-008,PSP-008 36,EP,Momen,TRUE,Closed,3.07,1200,16.15,15.89982033,92.44155541
PSP-008,PSP-008 48,EP,Momen,TRUE,Closed,4.01,1120,17.55,7.275771506,45.96832438
PSP-009,PSP-009 6,EP,Furif,TRUE,Open,0.5,1120,3.2,0,0
PSP-009,PSP-009 12,EP,Furif,TRUE,Open,1.02,1080,7.205,3.281173615,8.510708123
PSP-009,PSP-009 18,EP,Furif,TRUE,Open,1.48,1080,9.55,5.183627878,17.82131265
PSP-009,PSP-009 24,EP,Furif,TRUE,Open,2.02,1040,11.8,8.28836965,35.20899427
PSP-009,PSP-009 36,EP,Furif,TRUE,Open,3.05,1040,16.75,13.75514927,82.94355013
PSP-009,PSP-009 48,EP,Furif,TRUE,Open,4.05,960,21.7,11.44903177,89.4398362
PSP-010,PSP-010 6,EP,Furif,FALSE,Open,0.5,1080,2.975,0,0
PSP-010,PSP-010 12,EP,Furif,FALSE,Open,1.02,1120,7.335,2.782948436,7.348653641
PSP-010,PSP-010 18,EP,Furif,FALSE,Open,1.48,1080,10.075,5.332476538,19.3408924
PSP-010,PSP-010 24,EP,Furif,FALSE,Open,2.02,1080,12.95,6.713614917,31.29887274
PSP-010,PSP-010 36,EP,Furif,FALSE,Open,3.05,960,22.3,17.55151267,140.9035437
PSP-010,PSP-010 48,EP,Furif,FALSE,Open,4.05,840,27.45,11.84666315,117.0687253
PSP-011,PSP-011 6,EP,Bampu,FALSE,Open,0.6,1200,2.89,0,0
PSP-011,PSP-011 12,EP,Bampu,FALSE,Open,1,1200,7.01,3.15265106,7.956030214
PSP-011,PSP-011 18,EP,Bampu,FALSE,Open,1.5,1200,9.55,6.066760989,20.85752428
PSP-011,PSP-011 24,EP,Bampu,FALSE,Open,2,1160,12.25,7.342059111,32.37848068
PSP-011,PSP-011 36,EP,Bampu,FALSE,Open,3,1160,17.8,11.67990742,74.84484672
PSP-011,PSP-011 48,EP,Bampu,FALSE,Open,4.02,880,29.5,10.37020885,110.131618
PSP-013,PSP-013 6,EP,Umi ,FALSE,Open,0.61,1200,3.15,0,0
PSP-013,PSP-013 12,EP,Umi ,FALSE,Open,1.04,1200,6.025,2.295561752,4.97907344
PSP-013,PSP-013 18,EP,Umi ,FALSE,Open,1.58,1120,6.045,2.452955544,5.338121855
PSP-013,PSP-013 24,EP,Umi ,FALSE,Open,1.96,1120,6.975,3.097359029,7.777468522
PSP-013,PSP-013 36,EP,Umi ,FALSE,Open,3.24,1120,13.05,6.92275074,32.52308297
PSP-014,PSP-014 6,EP,Umi ,FALSE,Open,0.61,1200,3.3,0,0
PSP-014,PSP-014 12,EP,Umi ,FALSE,Open,1.04,1200,5.75,2.065974161,4.276566513
PSP-014,PSP-014 18,EP,Umi ,FALSE,Open,1.58,880,0,1.798373299,0
PSP-014,PSP-014 24,EP,Umi ,FALSE,Open,1.96,960,6.14,2.287142284,5.055499304
PSP-014,PSP-014 36,EP,Umi ,FALSE,Open,3.24,920,14.1,5.120293371,25.99060915
PSP-019,PSP-019 6,AC,Atsuaf,FALSE,Closed,0.59,1244.444444,1.98,0,0
PSP-019,PSP-019 12,AC,Atsuaf,FALSE,Closed,1,844.4444444,3.65,1.219287015,1.602143138
PSP-019,PSP-019 18,AC,Atsuaf,FALSE,Closed,1.5,444.4444444,4.295,1.029674446,1.592082628
PSP-019,PSP-019 24,AC,Atsuaf,FALSE,Closed,2.03,444.4444444,4.775,1.285853873,2.210382808
PSP-021,PSP-021 6,EP,Atsuaf,FALSE,Closed,0.58,1080,2.08,0,0
PSP-021,PSP-021 12,EP,Atsuaf,FALSE,Closed,1,1080,4.45,1.080676457,1.731243684
PSP-021,PSP-021 18,EP,Atsuaf,FALSE,Closed,1.56,160,6.4,0.345889351,0.796929065
PSP-022,PSP-022 6,AC,Ngaroraf ,FALSE,Closed,0.48,1244.444444,1.585,0,0
PSP-022,PSP-022 12,AC,Ngaroraf ,FALSE,Closed,1,1200,3.735,0.668740356,0.899188283
PSP-022,PSP-022 18,AC,Ngaroraf ,FALSE,Closed,1.5,577.7777778,4.77,1.142736874,1.962307761
PSP-022,PSP-022 24,AC,Ngaroraf ,FALSE,Closed,1.99,1244.444444,8.15,3.015091189,8.84627755
PSP-022,PSP-022 36,AC,Ngaroraf ,FALSE,Closed,2.88,1111.111111,15.25,9.731886096,53.42805467
PSP-022,PSP-022 48,AC,Ngaroraf ,FALSE,Closed,4,533.3333333,16.95,6.734318012,41.09280851
PSP-023,PSP-023 6,AC,Ngaroraf ,FALSE,Closed,0.48,1288.888889,1.95,0,0
PSP-023,PSP-023 12,AC,Ngaroraf ,FALSE,Closed,1,1288.888889,4.87,1.945134545,3.410209884
PSP-023,PSP-023 18,AC,Ngaroraf ,FALSE,Closed,1.5,666.6666667,4.345,0.935356853,1.463085189
PSP-023,PSP-023 24,AC,Ngaroraf ,FALSE,Closed,1.99,888.8888889,5.9,3.217723916,6.834445597
PSP-023,PSP-023 36,AC,Ngaroraf ,FALSE,Closed,3,888.8888889,9.05,10.67579506,34.78174031
PSP-023,PSP-023 48,AC,Ngaroraf ,FALSE,Closed,4,977.7777778,21.7,13.31103279,103.9857882
PSP-024,PSP-024 6,AC,Koya ,FALSE,Open,0.5,1224.311325,2.9,0,0
PSP-024,PSP-024 12,AC,Koya ,FALSE,Open,1,1224.311325,7.025,4.193071489,10.6042778
PSP-024,PSP-024 18,AC,Koya ,FALSE,Open,1.51,1180.58592,10.15,9.551155977,34.89992394
PSP-024,PSP-024 24,AC,Koya ,FALSE,Open,1.99,1180.58592,12.75,13.20330895,60.60318808
PSP-024,PSP-024 36,AC,Koya ,FALSE,Open,3.01,1136.860516,21.6,19.34418162,150.4203563
PSP-024,PSP-024 60,AC,Koya ,FALSE,Open,5.02,743.3318758,24.95,11.88313946,106.7343586
PSP-025,PSP-025 6,EP,Koya ,FALSE,Open,0.5,1000,2.39,0,0
PSP-025,PSP-025 12,EP,Koya ,FALSE,Open,1,1000,5.975,0,0
PSP-025,PSP-025 18,EP,Koya ,FALSE,Open,1.51,1000,9.35,4.359462462,14.67395065
PSP-025,PSP-025 24,EP,Koya ,FALSE,Open,1.99,1000,12.35,6.425499454,28.56777057
PSP-025,PSP-025 36,EP,Koya ,FALSE,Open,3.01,960,15.15,11.10845171,60.58549564
PSP-025,PSP-025 60,EP,Koya ,FALSE,Open,5.02,960,30.95,22.25736714,247.9915846
PSP-026,PSP-026 6,AC,Mangyang,FALSE,Open,0.54,1255.230126,2.13,0,0
PSP-026,PSP-026 12,AC,Mangyang,FALSE,Open,1.12,1255.230126,4.74,0.842117713,1.436989665
PSP-026,PSP-026 18,AC,Mangyang,FALSE,Open,1.62,1255.230126,6.15,3.947200853,8.739102689
PSP-026,PSP-026 24,AC,Mangyang,FALSE,Open,2.1,1255.230126,7.765,5.5478686,15.50851188
PSP-026,PSP-026 36,AC,Mangyang,FALSE,Open,3.07,1255.230126,11.1,11.78866212,47.10749384
PSP-027,PSP-027 6,EP,RAIL (AS307),FALSE,Open,0.5,1160,3.38,0,0
PSP-027,PSP-027 12,EP,RAIL (AS307),FALSE,Open,1.02,1160,6.45,2.919953292,6.780131544
PSP-027,PSP-027 18,EP,RAIL (AS307),FALSE,Open,1.5,1120,9.3,5.919703037,19.81916577
PSP-027,PSP-027 24,EP,RAIL (AS307),FALSE,Open,2,1080,10.95,8.417866099,33.18322816
PSP-027,PSP-027 36,EP,RAIL (AS307),FALSE,Open,2.93,1040,16.85,14.03047845,85.10888231
PSP-027,PSP-027 48,EP,RAIL (AS307),FALSE,Open,4.03,960,19.3,17.50844143,121.6486511
PSP-028,PSP-028 6,EP,RAIL (AS307),FALSE,Open,0.5,1120,2.48,0,0
PSP-028,PSP-028 12,EP,RAIL (AS307),FALSE,Open,1.02,1080,5,1.461625982,2.630926768
PSP-028,PSP-028 18,EP,RAIL (AS307),FALSE,Open,1.5,1080,8.5,4.35330494,13.32111312
PSP-028,PSP-028 24,EP,RAIL (AS307),FALSE,Open,2,1000,9.45,7.077191434,24.07660526
PSP-028,PSP-028 36,EP,RAIL (AS307),FALSE,Open,2.93,960,16.9,11.94402111,72.66742443
PSP-028,PSP-028 48,EP,RAIL (AS307),FALSE,Open,4.03,800,20.25,16.3962548,119.5286975
PSP-030,PSP-030 12,EP,Ongka,FALSE,Open,1.03,920,8.5,3.041690007,9.307571422
PSP-030,PSP-030 18,EP,Ongka,FALSE,Open,1.48,920,13.55,5.994755686,29.24241823
PSP-030,PSP-030 24,EP,Ongka,FALSE,Open,2.03,920,19.2,8.505485118,58.78991314
PSP-030,PSP-030 36,EP,Ongka,FALSE,Open,3.01,920,21.1,13.54394,102.8797682
PSP-031,PSP-031 6,EP,Ztopurung,FALSE,Open,0.49,1200,2.15,0,0
PSP-031,PSP-031 12,EP,Ztopurung,FALSE,Open,0.98,1040,5.21,2.415570591,4.530644201
PSP-031,PSP-031 18,EP,Ztopurung,FALSE,Open,1.49,1040,8.71,4.95718188,15.5437395
PSP-031,PSP-031 24,EP,Ztopurung,FALSE,Open,1.98,800,10.15,5.212593363,19.04681615
PSP-031,PSP-031 36,EP,Ztopurung,FALSE,Open,3.11,800,11.9,7.113131254,30.47265429
PSP-031,PSP-031 48,EP,Ztopurung,FALSE,Open,4.21,720,14.7,8.13172984,43.03311432
PSP-032,PSP-032 6,EP,Ztopurung,FALSE,Open,0.49,1200,1.855,0,0
PSP-032,PSP-032 12,EP,Ztopurung,FALSE,Open,0.98,1000,4.915,1.736641003,3.072812591
PSP-032,PSP-032 18,EP,Ztopurung,FALSE,Open,1.49,1000,8.525,4.842073925,14.86032488
PSP-032,PSP-032 24,EP,Ztopurung,FALSE,Open,1.98,880,13.1,6.440987506,30.37569708
PSP-032,PSP-032 36,EP,Ztopurung,FALSE,Open,3.11,800,17.05,9.706610238,59.57917364
PSP-032,PSP-032 48,EP,Ztopurung,FALSE,Open,4.21,720,17.75,12.44805824,79.54309212
PSP-033,PSP-033 6,EC,Orogawi,FALSE,Open,0.5,520,0,0,0
PSP-033,PSP-033 12,EC,Orogawi,FALSE,Open,1.01,1440,7.455,3.290881136,8.832066794
PSP-033,PSP-033 18,EC,Orogawi,FALSE,Open,1.48,1240,9.45,5.207346903,17.71539416
PSP-033,PSP-033 24,EC,Orogawi,FALSE,Open,2.01,1240,17.65,9.91351553,62.99047768
PSP-033,PSP-033 48,EC,Orogawi,FALSE,Open,4.04,920,16.35,13.56470593,79.84185909
PSP-034,PSP-034 6,EP,Orogawi,FALSE,Open,0.58,1200,1.5,0,0
PSP-034,PSP-034 12,EP,Orogawi,FALSE,Open,1.02,840,3.3,0.348496873,0.414014285
PSP-034,PSP-034 18,EP,Orogawi,FALSE,Open,1.48,760,8.04,1.865634797,5.399893357
PSP-034,PSP-034 24,EP,Orogawi,FALSE,Open,2,760,11.25,4.661243852,18.8780376
PSP-036,PSP-036 6,EP,Nowa,FALSE,Open,0.56,1200,1.72,0,0
PSP-036,PSP-036 12,EP,Nowa,FALSE,Open,1.02,920,5.34,1.514561818,2.911593639
PSP-036,PSP-036 18,EP,Nowa,FALSE,Open,1.56,720,8.76,3.609689959,11.38351825
PSP-036,PSP-036 24,EP,Nowa,FALSE,Open,1.96,920,14.5,6.476675999,33.80824871
PSP-036,PSP-036 36,EP,Nowa,FALSE,Open,3.04,880,16.25,9.774814214,57.18266315
PSP-036,PSP-036 48,EP,Nowa,FALSE,Open,3.99,840,18.85,10.3302478,70.10106154
PSP-037,PSP-037 6,EP,Nowa,FALSE,Open,0.56,1200,2.63,0,0
PSP-037,PSP-037 12,EP,Nowa,FALSE,Open,1.02,1160,6.25,2.683391365,6.037630571
PSP-037,PSP-037 18,EP,Nowa,FALSE,Open,1.56,1160,10.36,6.455752992,24.07737636
PSP-037,PSP-037 24,EP,Nowa,FALSE,Open,1.96,1160,13.35,10.27922833,49.40197136
PSP-037,PSP-037 36,EP,Nowa,FALSE,Open,3.04,1120,16.35,15.06987438,88.70128062
PSP-037,PSP-037 48,EP,Nowa,FALSE,Open,3.99,1120,19.7,17.94198122,127.2445308
PSP-038,PSP-038 12,EP,Yaubgubu,FALSE,Open,1.02,1000,6.95,2.892778515,7.237731846
PSP-038,PSP-038 24,EP,Yaubgubu,FALSE,Open,2.07,800,12.35,6.963308701,30.95887048
PSP-038,PSP-038 36,EP,Yaubgubu,FALSE,Open,3.06,800,15.75,10.51773804,59.63557471
PSP-038,PSP-038 48,EP,Yaubgubu,FALSE,Open,3.99,840,18.5,13.27024445,88.37982803
PSP-039,PSP-039 6,EP,Moto ,FALSE,Open,0.55,1200,2.11,0,0
PSP-039,PSP-039 12,EP,Moto ,FALSE,Open,1.04,1040,5.61,2.686690037,5.426039199
PSP-039,PSP-039 18,EP,Moto ,FALSE,Open,1.54,1000,8.4,5.746224291,17.37658226
PSP-039,PSP-039 24,EP,Moto ,FALSE,Open,2.04,1000,14.065,8.628918294,43.69166489
PSP-039,PSP-039 36,EP,Moto ,FALSE,Open,3.22,1000,19.7,11.44466496,81.16556388
PSP-039,PSP-039 48,EP,Moto ,FALSE,Open,3.98,840,19.5,12.82423254,90.02611243
PSP-041,PSP-041 12,EP,Ngaroraf ,FALSE,Open,1.04,1200,6.2,2.835067458,6.327870567
PSP-041,PSP-041 18,EP,Ngaroraf ,FALSE,Open,1.72,1120,19.25,6.927274633,48.00601321
PSP-041,PSP-041 24,EP,Ngaroraf ,FALSE,Open,2.11,1080,11.05,9.23760187,36.74718024
PSP-041,PSP-041 36,EP,Ngaroraf ,FALSE,Open,3.03,1040,16.05,12.20263702,70.50683668
PSP-041,PSP-041 48,EP,Ngaroraf ,FALSE,Open,3.97,920,18.3,13.00371173,85.66845286
PSP-042,PSP-042 6,EP,Watung,FALSE,Open,0.52,1200,2.215,0,0
PSP-042,PSP-042 12,EP,Watung,FALSE,Open,1.04,1120,5.85,2.192706008,4.617838854
PSP-042,PSP-042 24,EP,Watung,FALSE,Open,1.9,1080,14.5,9.320696996,48.65403832
PSP-042,PSP-042 36,EP,Watung,FALSE,Open,3.02,1080,18.4,13.37812674,88.61671153
PSP-042,PSP-042 48,EP,Watung,FALSE,Open,4.09,1120,22.05,19.36443154,153.7148576
PSP-043,PSP-043 6,EP,Watung,FALSE,Open,0.52,1120,1.64,0,0
PSP-043,PSP-043 12,EP,Watung,FALSE,Open,1.04,1120,5.84,2.387327673,5.019117701
PSP-043,PSP-043 24,EP,Watung,FALSE,Open,1.9,1040,11.25,7.781096684,31.51344157
PSP-043,PSP-043 36,EP,Watung,FALSE,Open,3.02,1080,17.3,11.73749281,73.10110521
PSP-043,PSP-043 48,EP,Watung,FALSE,Open,4.09,840,21.4,13.04423827,100.4928117
PSP-044,PSP-044 6,EP,Wamanga,FALSE,Open,0.65,1200,3.155,0,0
PSP-044,PSP-044 12,EP,Wamanga,FALSE,Open,1,1120,5.405,2.096698937,4.079756792
PSP-044,PSP-044 24,EP,Wamanga,FALSE,Open,1.99,1040,12.1,7.158307357,31.18158685
PSP-044,PSP-044 36,EP,Wamanga,FALSE,Open,3.03,1080,15,11.64214547,62.86758555
PSP-044,PSP-044 48,EP,Wamanga,FALSE,Open,4.05,920,17.3,14.26405587,88.83653995
PSP-045,PSP-045 6,EP,Ngaromugish,FALSE,Open,0.52,1240,2.045,3.019981602,2.223310455
PSP-045,PSP-045 12,EP,Ngaromugish,FALSE,Open,0.97,1240,5.02,0.987496819,1.784604251
PSP-045,PSP-045 18,EP,Ngaromugish,FALSE,Open,1.68,1040,11.9,5.003206212,21.43373541
PSP-045,PSP-045 24,EP,Ngaromugish,FALSE,Open,2,1040,13.3,6.372312291,30.51063125
PSP-045,PSP-045 36,EP,Ngaromugish,FALSE,Open,2.99,1040,16.4,8.944491276,52.80827649
PSP-045,PSP-045 48,EP,Ngaromugish,FALSE,Open,4.03,960,17.55,10.68050396,67.47942402
PSP-046,PSP-046 6,EP,Ngaromugish,FALSE,Open,0.52,1200,2.56,0.12648052,0.116564447
PSP-046,PSP-046 12,EP,Ngaromugish,FALSE,Open,0.97,1200,5.455,2.003613547,3.934696283
PSP-046,PSP-046 18,EP,Ngaromugish,FALSE,Open,1.68,1120,10.4,5.563320767,20.82907295
PSP-046,PSP-046 24,EP,Ngaromugish,FALSE,Open,2,1120,12.85,7.761901553,35.90655659
PSP-046,PSP-046 36,EP,Ngaromugish,FALSE,Open,2.99,1120,15.8,10.94386367,62.24869657
PSP-046,PSP-046 48,EP,Ngaromugish,FALSE,Open,4.03,1120,18.15,13.91744395,90.93657878
PSP-047,PSP-047 6,EP,Wamanga,FALSE,Open,0.65,1200,2.53,0,0
PSP-047,PSP-047 12,EP,Wamanga,FALSE,Open,1,1160,4.985,1.728975517,3.102819463
PSP-047,PSP-047 24,EP,Wamanga,FALSE,Open,1.99,1160,12.2,8.469325387,37.1972771
PSP-047,PSP-047 36,EP,Wamanga,FALSE,Open,3.03,1120,19.2,14.04587226,97.08506905
PSP-047,PSP-047 48,EP,Wamanga,FALSE,Open,4.05,1120,19.9,16.88533795,120.9665611
PSP-048,PSP-048 6,EP,Ganef,FALSE,Closed,0.7,1333.333333,3.125,0,0
PSP-048,PSP-048 12,EP,Ganef,FALSE,Closed,0.99,1200,5.775,2.311863127,4.806363441
PSP-048,PSP-048 18,EP,Ganef,FALSE,Closed,1.43,1022.222222,10.05,5.389855983,19.50049895
PSP-049,PSP-049 6,AC,Ongka,FALSE,Open,0.53,1223.628692,3.7,0,0
PSP-049,PSP-049 12,AC,Ongka,FALSE,Open,1.03,1139.240506,6.405,7.089925092,16.34794928
PSP-049,PSP-049 18,AC,Ongka,FALSE,Open,1.5,1139.240506,11.85,12.66025386,54.00864298
PSP-049,PSP-049 24,AC,Ongka,FALSE,Open,1.98,1139.240506,17.6,14.75116935,93.46340902
PSP-050,PSP-050 6,AM,Ongka,FALSE,Open,0.53,1333.333333,3.705,0,0
PSP-050,PSP-050 12,AM,Ongka,FALSE,Open,1,1333.333333,6.125,9.714328084,21.42009342
PSP-050,PSP-050 18,AM,Ongka,FALSE,Open,1.5,1333.333333,10.45,17.73809535,66.7307147
PSP-050,PSP-050 24,AM,Ongka,FALSE,Open,1.98,1333.333333,17.95,19.75021563,127.6258934
PSP-051,PSP-051 6,AM,Ongka,FALSE,Open,0.49,1333.333333,4.01,0,0
PSP-051,PSP-051 12,AM,Ongka,FALSE,Open,1.15,1244.444444,8.46,8.318727907,25.33551771
PSP-051,PSP-051 18,AM,Ongka,FALSE,Open,1.5,1244.444444,12.45,16.89513623,75.72400056
PSP-051,PSP-051 24,AM,Ongka,FALSE,Open,1.98,1244.444444,17.3,19.24393052,119.8511993
PSP-052,PSP-052 6,AM,Ongka,FALSE,Open,0.58,1333.333333,3.505,0,0
PSP-052,PSP-052 12,AM,Ongka,FALSE,Open,1.03,1333.333333,5.985,9.496825152,20.46185947
PSP-052,PSP-052 18,AM,Ongka,FALSE,Open,1.5,1288.888889,10.1,15.5241801,56.44591884
PSP-052,PSP-052 24,AM,Ongka,FALSE,Open,1.98,1288.888889,17.7,17.62370647,112.2982576
PSP-053,PSP-053 6,EP,Zifasing,FALSE,Open,0.5,1200,0,0,0
PSP-053,PSP-053 12,EP,Zifasing,FALSE,Open,1.1,1120,11.1,5.100438505,20.38135227
PSP-053,PSP-053 18,EP,Zifasing,FALSE,Open,1.47,1120,13.8,6.600706077,32.79230779
PSP-053,PSP-053 24,EP,Zifasing,FALSE,Open,1.95,1080,13.55,8.664543955,42.26564541
PSP-054,PSP-054 12,EC,Atsuaf,FALSE,Open,0.98,920,4.7,0.490214118,0.829442287
PSP-054,PSP-054 18,EC,Atsuaf,FALSE,Open,1.64,920,9.65,2.517452441,8.74562978
PSP-054,PSP-054 24,EC,Atsuaf,FALSE,Open,1.98,920,11.9,3.709309862,15.89068345
PSP-056,PSP-056 6,EP,Yaubgubu,FALSE,Open,0.58,1200,4.8,0,0
PSP-056,PSP-056 18,EP,Yaubgubu,FALSE,Open,1.5,1000,13.5,7.255790977,35.26314415
PSP-056,PSP-056 24,EP,Yaubgubu,FALSE,Open,1.55,1040,13.5,7.76262412,37.72635322
PSP-057,PSP-057 6,EC,Nowa,FALSE,Open,0.56,1200,2.63,0,0
PSP-057,PSP-057 12,EC,Nowa,FALSE,Open,1.09,880,7.935,2.448682978,6.994907795
PSP-057,PSP-057 18,EC,Nowa,FALSE,Open,1.49,1040,14.5,7.074489665,36.92883605
PSP-058,PSP-058 6,EP,Atzu ,FALSE,Open,0.52,1160,3.73,0,0
PSP-058,PSP-058 12,EP,Atzu ,FALSE,Open,1.24,1000,10.75,6.068049042,23.48334979
PSP-058,PSP-058 24,EP,Atzu ,FALSE,Open,2.01,1000,12.95,7.975309942,37.18089495
PSP-059,PSP-059 6,EP,Atzu,FALSE,Open,0.52,1200,3.215,0,0
PSP-059,PSP-059 12,EP,Atzu,FALSE,Open,1.32,1000,10.85,4.889449142,19.09818835
PSP-059,PSP-059 24,EP,Atzu,FALSE,Open,2.01,1000,12.65,6.965193656,31.71949191
PSP-060,PSP-060 6,EP,Dip,FALSE,Open,0.49,1240,3.2,0,0
PSP-060,PSP-060 12,EP,Dip,FALSE,Open,1.05,1240,7.95,4.663819958,13.34785272
PSP-060,PSP-060 24,EP,Dip,FALSE,Open,2.13,1080,11.75,10.34293983,43.75063548
PSP-060,PSP-060 36,EP,Dip,FALSE,Open,3.07,1040,18.8,13.43015151,90.89526545
PSP-061,PSP-061 6,EP,Dip,FALSE,Open,0.49,1200,2.95,0,0
PSP-061,PSP-061 12,EP,Dip,FALSE,Open,1.05,1000,6.45,2.844178077,6.604181495
PSP-061,PSP-061 24,EP,Dip,FALSE,Open,2.13,640,11.7,5.493106171,23.13696319
PSP-061,PSP-061 36,EP,Dip,FALSE,Open,3.07,920,19.05,12.61685601,86.5263985
PSP-062,PSP-062 6,EP,Dip,FALSE,Open,0.76,1200,3.08,0,0
PSP-062,PSP-062 12,EP,Dip,FALSE,Open,1.07,800,4.7,0.812007453,1.373916611
PSP-062,PSP-062 24,EP,Dip,FALSE,Open,2.03,800,8.55,3.709215614,11.41696566
PSP-062,PSP-062 36,EP,Dip,FALSE,Open,3.07,600,14.75,6.246051682,33.16653443
PSP-063,PSP-063 24,EP,Dip,TRUE,Open,2.03,800,8.2,5.201692036,15.35539489
PSP-063,PSP-063 36,EP,Dip,TRUE,Open,3.07,680,11.2,6.721500314,27.10108927
PSP-065,PSP-065 6,EP,Ampamuachez,FALSE,Open,0.63,1040,4.85,0,0
PSP-065,PSP-065 18,EP,Ampamuachez,FALSE,Open,1.55,1040,13.6,6.373129105,31.2028401
PSP-065,PSP-065 36,EP,Ampamuachez,FALSE,Open,3.01,1040,18.45,13.36213603,88.75130753
PSP-066,PSP-066 6,EP,Ampamuachez,FALSE,Open,0.63,1200,2.93,0,0
PSP-066,PSP-066 18,EP,Ampamuachez,FALSE,Open,1.53,920,8.95,3.188716543,10.2740447
PSP-066,PSP-066 36,EP,Ampamuachez,FALSE,Open,3.01,920,14.85,9.158653647,48.9621624
PSP-067,PSP-067 6,EP,Ongka,FALSE,Open,0.75,1171.548117,6.125,1.168435862,2.576401075
PSP-067,PSP-067 12,EP,Ongka,FALSE,Open,0.98,1087.866109,8.85,2.660560925,8.476547107
PSP-067,PSP-067 36,EP,Ongka,FALSE,Open,2.98,1004.1841,16.6,9.117223927,54.48453019
PSP-068,PSP-068 6,EP,Furif,FALSE,Open,0.61,1080,4.405,0,0
PSP-068,PSP-068 12,EP,Furif,FALSE,Open,0.96,920,6.75,3.073765668,7.469250574
PSP-068,PSP-068 24,EP,Furif,FALSE,Open,2,960,13.75,8.297480269,41.07252733
PSP-068,PSP-068 36,EP,Furif,FALSE,Open,2.99,920,18.2,12.31607993,80.69495569
PSP-069,PSP-069 6,EP,Furif,FALSE,Open,0.61,1120,5.105,0,0
PSP-069,PSP-069 12,EP,Furif,FALSE,Open,0.96,920,9.55,3.053565227,10.49815725
PSP-069,PSP-069 24,EP,Furif,FALSE,Open,2.01,840,16.4,7.601020594,44.87642558
PSP-069,PSP-069 36,EP,Furif,FALSE,Open,2.99,680,21.1,10.43099867,79.23386591
PSP-070,PSP-070 6,EC,Maramumi ,FALSE,Open,0.57,1000,3.985,0,0
PSP-070,PSP-070 12,EC,Maramumi ,FALSE,Open,0.98,960,4.25,0.748044627,1.144508279
PSP-071,PSP-071 6,EC,Maramumi ,FALSE,Open,0.57,1040,4.295,0,0
PSP-071,PSP-071 12,EC,Maramumi ,FALSE,Open,0.98,960,4.9,0.710408347,1.253160324
PSP-071,PSP-071 18,EC,Maramumi ,FALSE,Open,1.6,1000,8.7,2.902800196,9.091570214
PSP-072,PSP-072 6,EP,Maramumi ,FALSE,Closed,0.62,1200,2.735,0,0
PSP-075,PSP-075 6,EP,Marazabuang,FALSE,Open,0.59,880,7.45,1.822375066,4.887609928
PSP-075,PSP-075 18,EP,Marazabuang,FALSE,Open,1.62,880,13.45,6.188120713,29.96288049
PSP-076,PSP-076 6,EP,Sassip,FALSE,Open,0.58,1200,2.38,0,0
PSP-076,PSP-076 18,EP,Sassip,FALSE,Open,1.61,840,8.25,2.23071928,6.62523626
PSP-077,PSP-077 6,EP,Igururung,FALSE,Open,0.57,1080,3.415,0,0
PSP-077,PSP-077 18,EP,Igururung,FALSE,Open,1.61,600,4.2,0.575885349,0.870738648
PSP-078,PSP-078 12,EP,Ganef,FALSE,Open,1.1,800,6.85,1.839559578,4.53635392
PSP-078,PSP-078 24,EP,Ganef,FALSE,Open,2.28,600,11.1,4.058277974,16.21687878
PSP-080,PSP-080 12,EP,Furif,FALSE,Open,1.05,520,5.8,0.475731376,0.993327112
PSP-080,PSP-080 24,EP,Furif,FALSE,Open,2.16,440,10.4,3.479659439,13.02784494
PSP-081,PSP-081 12,EP,Furif,FALSE,Open,1.05,800,6.8,1.591530838,3.896067492
PSP-081,PSP-081 24,EP,Furif,FALSE,Open,2.16,720,11.4,5.807453932,23.83379094
PSP-082,PSP-082 12,EP,Ngaroraf,FALSE,Open,1.05,800,8.65,3.136032035,9.765603756
PSP-083,PSP-083 12,EP,Bampu,FALSE,Open,1.02,760,7.1,1.709371979,4.369154778
PSP-084,PSP-084 12,EP,Bampu,FALSE,Open,1.02,720,6.35,1.617071987,3.696626561
PSP-084,PSP-084 24,EP,Bampu,FALSE,Open,2.12,640,12.25,4.293237689,18.93317821
PSP-095,PSP-095 12,EP,Utchiap 2,FALSE,Open,0.99,1480,3.55,2.023688324,2.586273678
PSP-096,PSP-096 12,EP,Utchiap 2,FALSE,Open,0.97,1400,5.15,1.268700777,2.352171241
PSP-097,PSP-097 12,EP,Utchiap 2,FALSE,Open,0.96,1200,3.9,0.543998184,0.76377345
PSP-098,PSP-098 12,EP,Atzuaf,FALSE,Open,1,1040,0,0,0
PSP-099,PSP-099 12,EP,Utchiap 2,FALSE,Open,1,640,5.065,3.26810459,5.959061909
PSP-100,PSP-100 12,EP,Utchiap 2,FALSE,Open,0.99,760,8.6,4.62608943,14.32237288
PSP-101,PSP-101 12,EP,Utchiap 2,FALSE,Open,0.97,840,9.25,3.400805463,11.32468219
PSP-102,PSP-102 12,EP,Bampu,FALSE,Open,0.91,1120.448179,4.12,0.767097465,1.137758961
PSP-102,PSP-102 24,EP,Bampu,FALSE,Open,1.91,1037.452018,7.81,4.322712855,12.15373946
PSP-102,PSP-102 48,EP,Bampu,FALSE,Open,3.94,995.9539371,16.35,11.74771179,69.14703158
PSP-102,PSP-102 60,EP,Bampu,FALSE,Open,5.15,871.459695,18.25,15.5723784,102.3105261
PSP-103,PSP-103 12,EP,Bampu,FALSE,Open,0.91,1059.494703,5.64,1.16862382,2.372773804
PSP-103,PSP-103 24,EP,Bampu,FALSE,Open,1.91,1059.494703,11.35,5.707738731,23.32182046
PSP-103,PSP-103 48,EP,Bampu,FALSE,Open,3.94,977.99511,23,12.69746234,105.1349882
PSP-103,PSP-103 60,EP,Bampu,FALSE,Open,5.15,896.4955175,18.95,16.4419617,112.1670627
